-- ============================================================
-- SEED DATA for local development
-- Creates 2 mosques for cross-tenant isolation testing
-- ============================================================

-- Mosque 1: Al-Fath
INSERT INTO mosques (id, name, slug, city, address, primary_color, welcome_msg, anbi_status, rsin, kvk, language, plan)
VALUES (
  '11111111-1111-1111-1111-111111111111',
  'Stichting Al-Fath',
  'alfath',
  'Amsterdam',
  'Kerkstraat 1, 1234 AB Amsterdam',
  '#10b981',
  'Welkom bij Al-Fath. Uw donatie maakt het verschil.',
  TRUE,
  '123456789',
  '12345678',
  'nl',
  'starter'
);

-- Mosque 2: An-Nour
INSERT INTO mosques (id, name, slug, city, address, primary_color, welcome_msg, anbi_status, rsin, kvk, language, plan)
VALUES (
  '22222222-2222-2222-2222-222222222222',
  'Stichting An-Nour',
  'annour',
  'Rotterdam',
  'Moskeeplein 5, 3011 XY Rotterdam',
  '#3b82f6',
  'Bismillah. Doneer aan An-Nour.',
  TRUE,
  '987654321',
  '87654321',
  'nl',
  'free'
);

-- ============================================================
-- FUNDS for Mosque 1 (Al-Fath)
-- ============================================================
INSERT INTO funds (id, mosque_id, name, description, icon, sort_order) VALUES
  ('aaaa0001-0001-0001-0001-000000000001', '11111111-1111-1111-1111-111111111111', 'Algemeen', 'Algemene bijdrage aan de moskee', '🕌', 0),
  ('aaaa0001-0001-0001-0001-000000000002', '11111111-1111-1111-1111-111111111111', 'Zakat', 'Verplichte jaarlijkse aalmoes', '💎', 1),
  ('aaaa0001-0001-0001-0001-000000000003', '11111111-1111-1111-1111-111111111111', 'Sadaqah', 'Vrijwillige liefdadigheid', '🤲', 2),
  ('aaaa0001-0001-0001-0001-000000000004', '11111111-1111-1111-1111-111111111111', 'Bouw', 'Renovatie en onderhoud gebouw', '🏗️', 3),
  ('aaaa0001-0001-0001-0001-000000000005', '11111111-1111-1111-1111-111111111111', 'Onderwijs', 'Islamitisch onderwijs en Quran lessen', '📖', 4);

-- FUNDS for Mosque 2 (An-Nour)
INSERT INTO funds (id, mosque_id, name, description, icon, sort_order) VALUES
  ('bbbb0001-0001-0001-0001-000000000001', '22222222-2222-2222-2222-222222222222', 'Algemeen', 'Algemene donaties', '🕌', 0),
  ('bbbb0001-0001-0001-0001-000000000002', '22222222-2222-2222-2222-222222222222', 'Zakat', 'Zakat betalingen', '💎', 1),
  ('bbbb0001-0001-0001-0001-000000000003', '22222222-2222-2222-2222-222222222222', 'Sadaqah', 'Vrijwillige donaties', '🤲', 2),
  ('bbbb0001-0001-0001-0001-000000000004', '22222222-2222-2222-2222-222222222222', 'Jeugd', 'Jeugdactiviteiten en programmas', '👦', 3),
  ('bbbb0001-0001-0001-0001-000000000005', '22222222-2222-2222-2222-222222222222', 'Ramadan', 'Ramadan iftar en activiteiten', '🌙', 4);

-- ============================================================
-- DONORS for Mosque 1
-- ============================================================
INSERT INTO donors (id, mosque_id, name, email, phone, iban_hint, total_donated, donation_count, first_donated_at, last_donated_at) VALUES
  ('dddd0001-0001-0001-0001-000000000001', '11111111-1111-1111-1111-111111111111', 'Ahmed de Vries', 'ahmed@example.com', '+31612345678', '4321', 65000, 13, '2025-01-15', '2026-03-01'),
  ('dddd0001-0001-0001-0001-000000000002', '11111111-1111-1111-1111-111111111111', 'Fatima Bakker', 'fatima@example.com', '+31687654321', '8765', 24000, 4, '2025-06-10', '2026-02-15'),
  ('dddd0001-0001-0001-0001-000000000003', '11111111-1111-1111-1111-111111111111', 'Mohammed El Amrani', 'mohammed@example.com', NULL, '1234', 120000, 8, '2025-03-01', '2026-03-05'),
  ('dddd0001-0001-0001-0001-000000000004', '11111111-1111-1111-1111-111111111111', NULL, NULL, NULL, NULL, 5000, 2, '2026-01-20', '2026-02-20'),
  ('dddd0001-0001-0001-0001-000000000005', '11111111-1111-1111-1111-111111111111', 'Yusuf Jansen', 'yusuf@example.com', '+31698765432', '5678', 35000, 7, '2025-09-01', '2026-03-10');

-- DONORS for Mosque 2
INSERT INTO donors (id, mosque_id, name, email, iban_hint, total_donated, donation_count, first_donated_at, last_donated_at) VALUES
  ('dddd0002-0001-0001-0001-000000000001', '22222222-2222-2222-2222-222222222222', 'Ali Hassan', 'ali@example.com', '9999', 30000, 5, '2025-04-01', '2026-02-28'),
  ('dddd0002-0001-0001-0001-000000000002', '22222222-2222-2222-2222-222222222222', 'Sara Boukhari', 'sara@example.com', '7777', 15000, 3, '2025-08-15', '2026-01-20'),
  ('dddd0002-0001-0001-0001-000000000003', '22222222-2222-2222-2222-222222222222', NULL, 'anon@example.com', NULL, 2500, 1, '2026-03-01', '2026-03-01'),
  ('dddd0002-0001-0001-0001-000000000004', '22222222-2222-2222-2222-222222222222', 'Omar Patel', NULL, '3333', 8000, 2, '2026-01-10', '2026-02-10'),
  ('dddd0002-0001-0001-0001-000000000005', '22222222-2222-2222-2222-222222222222', 'Khadija de Groot', 'khadija@example.com', '5555', 45000, 10, '2025-02-01', '2026-03-08');

-- ============================================================
-- DONATIONS for Mosque 1 (mix of methods and statuses)
-- ============================================================
INSERT INTO donations (mosque_id, donor_id, fund_id, amount, fee_covered, method, status, is_recurring, mollie_payment_id, created_at) VALUES
  -- Ahmed's donations
  ('11111111-1111-1111-1111-111111111111', 'dddd0001-0001-0001-0001-000000000001', 'aaaa0001-0001-0001-0001-000000000001', 5000, 29, 'ideal', 'completed', FALSE, 'tr_test_001', '2026-01-15'),
  ('11111111-1111-1111-1111-111111111111', 'dddd0001-0001-0001-0001-000000000001', 'aaaa0001-0001-0001-0001-000000000001', 5000, 29, 'ideal', 'completed', TRUE, 'tr_test_002', '2026-02-15'),
  ('11111111-1111-1111-1111-111111111111', 'dddd0001-0001-0001-0001-000000000001', 'aaaa0001-0001-0001-0001-000000000002', 20000, 0, 'bank_transfer', 'completed', FALSE, NULL, '2026-03-01'),
  -- Fatima's donations
  ('11111111-1111-1111-1111-111111111111', 'dddd0001-0001-0001-0001-000000000002', 'aaaa0001-0001-0001-0001-000000000003', 10000, 29, 'ideal', 'completed', FALSE, 'tr_test_003', '2026-02-15'),
  ('11111111-1111-1111-1111-111111111111', 'dddd0001-0001-0001-0001-000000000002', 'aaaa0001-0001-0001-0001-000000000001', 2500, 0, 'cash', 'completed', FALSE, NULL, '2026-01-20'),
  -- Mohammed's donations
  ('11111111-1111-1111-1111-111111111111', 'dddd0001-0001-0001-0001-000000000003', 'aaaa0001-0001-0001-0001-000000000002', 50000, 29, 'ideal', 'completed', FALSE, 'tr_test_004', '2026-01-01'),
  ('11111111-1111-1111-1111-111111111111', 'dddd0001-0001-0001-0001-000000000003', 'aaaa0001-0001-0001-0001-000000000004', 25000, 0, 'bank_transfer', 'completed', FALSE, NULL, '2026-02-01'),
  -- Anonymous donations
  ('11111111-1111-1111-1111-111111111111', 'dddd0001-0001-0001-0001-000000000004', 'aaaa0001-0001-0001-0001-000000000001', 2500, 0, 'cash', 'completed', FALSE, NULL, '2026-01-20'),
  ('11111111-1111-1111-1111-111111111111', 'dddd0001-0001-0001-0001-000000000004', 'aaaa0001-0001-0001-0001-000000000003', 2500, 29, 'ideal', 'completed', FALSE, 'tr_test_005', '2026-02-20'),
  -- Yusuf's donations
  ('11111111-1111-1111-1111-111111111111', 'dddd0001-0001-0001-0001-000000000005', 'aaaa0001-0001-0001-0001-000000000001', 5000, 29, 'ideal', 'completed', TRUE, 'tr_test_006', '2026-01-01'),
  ('11111111-1111-1111-1111-111111111111', 'dddd0001-0001-0001-0001-000000000005', 'aaaa0001-0001-0001-0001-000000000001', 5000, 29, 'ideal', 'completed', TRUE, 'tr_test_007', '2026-02-01'),
  ('11111111-1111-1111-1111-111111111111', 'dddd0001-0001-0001-0001-000000000005', 'aaaa0001-0001-0001-0001-000000000005', 10000, 0, 'card', 'completed', FALSE, 'tr_test_008', '2026-03-10'),
  -- Failed/pending donations
  ('11111111-1111-1111-1111-111111111111', NULL, 'aaaa0001-0001-0001-0001-000000000001', 1000, 29, 'ideal', 'failed', FALSE, 'tr_test_009', '2026-03-05'),
  ('11111111-1111-1111-1111-111111111111', NULL, 'aaaa0001-0001-0001-0001-000000000001', 2500, 29, 'ideal', 'pending', FALSE, 'tr_test_010', '2026-03-11');

-- DONATIONS for Mosque 2
INSERT INTO donations (mosque_id, donor_id, fund_id, amount, method, status, mollie_payment_id, created_at) VALUES
  ('22222222-2222-2222-2222-222222222222', 'dddd0002-0001-0001-0001-000000000001', 'bbbb0001-0001-0001-0001-000000000001', 10000, 'ideal', 'completed', 'tr_test_101', '2026-01-15'),
  ('22222222-2222-2222-2222-222222222222', 'dddd0002-0001-0001-0001-000000000001', 'bbbb0001-0001-0001-0001-000000000002', 5000, 'ideal', 'completed', 'tr_test_102', '2026-02-15'),
  ('22222222-2222-2222-2222-222222222222', 'dddd0002-0001-0001-0001-000000000002', 'bbbb0001-0001-0001-0001-000000000003', 7500, 'card', 'completed', 'tr_test_103', '2026-01-20'),
  ('22222222-2222-2222-2222-222222222222', 'dddd0002-0001-0001-0001-000000000003', 'bbbb0001-0001-0001-0001-000000000001', 2500, 'ideal', 'completed', 'tr_test_104', '2026-03-01'),
  ('22222222-2222-2222-2222-222222222222', 'dddd0002-0001-0001-0001-000000000005', 'bbbb0001-0001-0001-0001-000000000005', 15000, 'ideal', 'completed', 'tr_test_105', '2026-03-08'),
  ('22222222-2222-2222-2222-222222222222', 'dddd0002-0001-0001-0001-000000000004', 'bbbb0001-0001-0001-0001-000000000004', 4000, 'cash', 'completed', NULL, '2026-02-10'),
  ('22222222-2222-2222-2222-222222222222', NULL, 'bbbb0001-0001-0001-0001-000000000001', 1500, 'ideal', 'failed', 'tr_test_106', '2026-03-05');

-- ============================================================
-- RECURRINGS for Mosque 1
-- ============================================================
INSERT INTO recurrings (mosque_id, donor_id, fund_id, amount, frequency, status, cancel_token, next_charge_at) VALUES
  ('11111111-1111-1111-1111-111111111111', 'dddd0001-0001-0001-0001-000000000001', 'aaaa0001-0001-0001-0001-000000000001', 5000, 'monthly', 'active', 'cancel_tok_001', '2026-04-15'),
  ('11111111-1111-1111-1111-111111111111', 'dddd0001-0001-0001-0001-000000000005', 'aaaa0001-0001-0001-0001-000000000001', 5000, 'monthly', 'active', 'cancel_tok_002', '2026-04-01');

-- ============================================================
-- CAMPAIGNS for Mosque 1
-- ============================================================
INSERT INTO campaigns (mosque_id, fund_id, title, description, slug, goal_amount, start_date, end_date, is_active) VALUES
  ('11111111-1111-1111-1111-111111111111', 'aaaa0001-0001-0001-0001-000000000004', 'Renovatie 2026', 'Help ons de moskee te renoveren', 'renovatie-2026', 5000000, '2026-01-01', '2026-12-31', TRUE),
  ('11111111-1111-1111-1111-111111111111', 'aaaa0001-0001-0001-0001-000000000003', 'Ramadan 2026', 'Ramadan donatie actie', 'ramadan', 1000000, '2026-02-28', '2026-03-30', TRUE);
